{
    "talk": {
        "commented_count": 330,
        "description": "Writer and designer Graham Hill asks: Can having less stuff, in less room, lead to more happiness? He makes the case for taking up less space, and lays out three rules for editing your life.",
        "emailed_count": 922,
        "event": {
            "id": 64,
            "name": "TED2011"
        },
        "id": 1238,
        "image_16x9": false,
        "images": [
            {
                "image": {
                    "size": "113x85",
                    "url": "http://images.ted.com/images/ted/0cf1065eef9594262bd419be0e7db5bbe43f0727_113x85.jpg"
                }
            },
            {
                "image": {
                    "size": "240x180",
                    "url": "http://images.ted.com/images/ted/0cf1065eef9594262bd419be0e7db5bbe43f0727_240x180.jpg"
                }
            },
            {
                "image": {
                    "size": "615x461",
                    "url": "http://images.ted.com/images/ted/0cf1065eef9594262bd419be0e7db5bbe43f0727_615x461.jpg"
                }
            },
            {
                "image": {
                    "size": "1600x1200",
                    "url": "http://images.ted.com/images/ted/0cf1065eef9594262bd419be0e7db5bbe43f0727_1600x1200.jpg"
                }
            }
        ],
        "languages": {
            "ar": {
                "name": "Arabic"
            },
            "bg": {
                "name": "Bulgarian"
            },
            "ca": {
                "name": "Catalan"
            },
            "cs": {
                "name": "Czech"
            },
            "da": {
                "name": "Danish"
            },
            "de": {
                "name": "German"
            },
            "el": {
                "name": "Greek"
            },
            "en": {
                "name": "English",
                "native": true
            },
            "es": {
                "name": "Spanish"
            },
            "eu": {
                "name": "Basque"
            },
            "fa": {
                "name": "Persian"
            },
            "fi": {
                "name": "Finnish"
            },
            "fr": {
                "name": "French"
            },
            "fr-ca": {
                "name": "French (Canada)"
            },
            "gl": {
                "name": "Galician"
            },
            "he": {
                "name": "Hebrew"
            },
            "hr": {
                "name": "Croatian"
            },
            "hu": {
                "name": "Hungarian"
            },
            "hy": {
                "name": "Armenian"
            },
            "id": {
                "name": "Indonesian"
            },
            "it": {
                "name": "Italian"
            },
            "ja": {
                "name": "Japanese"
            },
            "ko": {
                "name": "Korean"
            },
            "ku": {
                "name": "Kurdish"
            },
            "lt": {
                "name": "Lithuanian"
            },
            "lv": {
                "name": "Latvian"
            },
            "mk": {
                "name": "Macedonian"
            },
            "mn": {
                "name": "Mongolian"
            },
            "my": {
                "name": "Burmese"
            },
            "nl": {
                "name": "Dutch"
            },
            "pl": {
                "name": "Polish"
            },
            "pt": {
                "name": "Portuguese"
            },
            "pt-br": {
                "name": "Portuguese, Brazilian"
            },
            "ro": {
                "name": "Romanian"
            },
            "ru": {
                "name": "Russian"
            },
            "sk": {
                "name": "Slovak"
            },
            "sl": {
                "name": "Slovenian"
            },
            "sq": {
                "name": "Albanian"
            },
            "sr": {
                "name": "Serbian"
            },
            "sv": {
                "name": "Swedish"
            },
            "th": {
                "name": "Thai"
            },
            "tr": {
                "name": "Turkish"
            },
            "uk": {
                "name": "Ukrainian"
            },
            "vi": {
                "name": "Vietnamese"
            },
            "zh": {
                "name": "Chinese, Yue"
            },
            "zh-cn": {
                "name": "Chinese, Simplified"
            },
            "zh-tw": {
                "name": "Chinese, Traditional"
            }
        },
        "media": {
            "internal": {
                "180k": {
                    "uri": "http://download.ted.com/talks/GrahamHill_2011U-180k.mp4?apikey=79bcca13c0cc74523125332a1032ff104b62a163"
                },
                "320k": {
                    "uri": "http://download.ted.com/talks/GrahamHill_2011U-320k.mp4?apikey=79bcca13c0cc74523125332a1032ff104b62a163"
                },
                "450k": {
                    "uri": "http://download.ted.com/talks/GrahamHill_2011U-450k.mp4?apikey=79bcca13c0cc74523125332a1032ff104b62a163"
                },
                "600k": {
                    "uri": "http://download.ted.com/talks/GrahamHill_2011U-600k.mp4?apikey=79bcca13c0cc74523125332a1032ff104b62a163"
                },
                "64k": {
                    "uri": "http://download.ted.com/talks/GrahamHill_2011U-64k.mp4?apikey=79bcca13c0cc74523125332a1032ff104b62a163"
                },
                "950k": {
                    "uri": "http://download.ted.com/talks/GrahamHill_2011U-950k.mp4?apikey=79bcca13c0cc74523125332a1032ff104b62a163"
                },
                "audio-podcast": {
                    "uri": "http://download.ted.com/talks/GrahamHill_2011U.mp3?apikey=79bcca13c0cc74523125332a1032ff104b62a163"
                },
                "podcast-high": {
                    "uri": "http://download.ted.com/talks/GrahamHill_2011U-480p.mp4?apikey=79bcca13c0cc74523125332a1032ff104b62a163"
                },
                "podcast-high-en": {
                    "uri": "http://download.ted.com/talks/GrahamHill_2011U-480p-en.mp4?apikey=79bcca13c0cc74523125332a1032ff104b62a163"
                },
                "podcast-light": {
                    "uri": "http://download.ted.com/talks/GrahamHill_2011U-light.mp4?apikey=79bcca13c0cc74523125332a1032ff104b62a163"
                },
                "podcast-low-en": {
                    "uri": "http://download.ted.com/talks/GrahamHill_2011U-low-en.mp4?apikey=79bcca13c0cc74523125332a1032ff104b62a163"
                },
                "podcast-regular": {
                    "uri": "http://download.ted.com/talks/GrahamHill_2011U.mp4?apikey=79bcca13c0cc74523125332a1032ff104b62a163"
                }
            }
        },
        "name": "Graham Hill: Less stuff, more happiness",
        "published_at": "2011-10-05 15:08:50",
        "ratings": [
            {
                "rating": {
                    "count": 826,
                    "id": 24,
                    "name": "Persuasive"
                }
            },
            {
                "rating": {
                    "count": 272,
                    "id": 22,
                    "name": "Fascinating"
                }
            },
            {
                "rating": {
                    "count": 448,
                    "id": 8,
                    "name": "Informative"
                }
            },
            {
                "rating": {
                    "count": 1180,
                    "id": 10,
                    "name": "Inspiring"
                }
            },
            {
                "rating": {
                    "count": 324,
                    "id": 25,
                    "name": "OK"
                }
            },
            {
                "rating": {
                    "count": 96,
                    "id": 1,
                    "name": "Beautiful"
                }
            },
            {
                "rating": {
                    "count": 123,
                    "id": 3,
                    "name": "Courageous"
                }
            },
            {
                "rating": {
                    "count": 28,
                    "id": 11,
                    "name": "Longwinded"
                }
            },
            {
                "rating": {
                    "count": 78,
                    "id": 7,
                    "name": "Funny"
                }
            },
            {
                "rating": {
                    "count": 298,
                    "id": 9,
                    "name": "Ingenious"
                }
            },
            {
                "rating": {
                    "count": 42,
                    "id": 23,
                    "name": "Jaw-dropping"
                }
            },
            {
                "rating": {
                    "count": 174,
                    "id": 21,
                    "name": "Unconvincing"
                }
            },
            {
                "rating": {
                    "count": 44,
                    "id": 26,
                    "name": "Obnoxious"
                }
            },
            {
                "rating": {
                    "count": 22,
                    "id": 2,
                    "name": "Confusing"
                }
            }
        ],
        "recorded_at": "2011-03-01 00:00:00",
        "slug": "graham_hill_less_stuff_more_happiness",
        "speakers": [
            {
                "speaker": {
                    "id": 710,
                    "name": "Graham Hill"
                }
            }
        ],
        "tags": [
            {
                "tag": "TED Conference"
            },
            {
                "tag": "consumerism"
            },
            {
                "tag": "culture"
            },
            {
                "tag": "design"
            },
            {
                "tag": "happiness"
            },
            {
                "tag": "media"
            },
            {
                "tag": "simplicity"
            }
        ],
        "themes": [
            {
                "theme": {
                    "id": 33,
                    "name": "What Makes Us Happy?"
                }
            }
        ],
        "updated_at": "2015-01-19 09:55:52",
        "viewed_count": 2633144
    }
}