{
    "talk": {
        "commented_count": 690,
        "description": "We believe that we should work to be happy, but could that be backwards? In this fast-moving and entertaining talk, psychologist Shawn Achor argues that actually happiness inspires productivity.\r\n<em>(Filmed at <a href=http://www.ted.com/tedx/events/663>TEDxBloomington</a>.)</em>",
        "emailed_count": 8494,
        "event": {
            "id": 159,
            "name": "TEDxBloomington"
        },
        "id": 1344,
        "image_16x9": false,
        "images": [
            {
                "image": {
                    "size": "113x85",
                    "url": "http://images.ted.com/images/ted/9a4f068a323fb9fa5c90f3c002fd3ede1356a2b1_113x85.jpg"
                }
            },
            {
                "image": {
                    "size": "240x180",
                    "url": "http://images.ted.com/images/ted/9a4f068a323fb9fa5c90f3c002fd3ede1356a2b1_240x180.jpg"
                }
            },
            {
                "image": {
                    "size": "615x461",
                    "url": "http://images.ted.com/images/ted/9a4f068a323fb9fa5c90f3c002fd3ede1356a2b1_615x461.jpg"
                }
            },
            {
                "image": {
                    "size": "800x600",
                    "url": "http://images.ted.com/images/ted/9a4f068a323fb9fa5c90f3c002fd3ede1356a2b1_800x600.jpg"
                }
            }
        ],
        "languages": {
            "ar": {
                "name": "Arabic"
            },
            "bg": {
                "name": "Bulgarian"
            },
            "ca": {
                "name": "Catalan"
            },
            "cs": {
                "name": "Czech"
            },
            "da": {
                "name": "Danish"
            },
            "de": {
                "name": "German"
            },
            "el": {
                "name": "Greek"
            },
            "en": {
                "name": "English",
                "native": true
            },
            "es": {
                "name": "Spanish"
            },
            "fa": {
                "name": "Persian"
            },
            "fr": {
                "name": "French"
            },
            "gu": {
                "name": "Gujarati"
            },
            "he": {
                "name": "Hebrew"
            },
            "hr": {
                "name": "Croatian"
            },
            "hu": {
                "name": "Hungarian"
            },
            "hy": {
                "name": "Armenian"
            },
            "id": {
                "name": "Indonesian"
            },
            "it": {
                "name": "Italian"
            },
            "ja": {
                "name": "Japanese"
            },
            "kk": {
                "name": "Kazakh"
            },
            "ko": {
                "name": "Korean"
            },
            "ku": {
                "name": "Kurdish"
            },
            "lt": {
                "name": "Lithuanian"
            },
            "lv": {
                "name": "Latvian"
            },
            "mk": {
                "name": "Macedonian"
            },
            "nl": {
                "name": "Dutch"
            },
            "pl": {
                "name": "Polish"
            },
            "pt": {
                "name": "Portuguese"
            },
            "pt-br": {
                "name": "Portuguese, Brazilian"
            },
            "ro": {
                "name": "Romanian"
            },
            "ru": {
                "name": "Russian"
            },
            "sk": {
                "name": "Slovak"
            },
            "sq": {
                "name": "Albanian"
            },
            "sr": {
                "name": "Serbian"
            },
            "sv": {
                "name": "Swedish"
            },
            "th": {
                "name": "Thai"
            },
            "tr": {
                "name": "Turkish"
            },
            "uk": {
                "name": "Ukrainian"
            },
            "vi": {
                "name": "Vietnamese"
            },
            "zh-cn": {
                "name": "Chinese, Simplified"
            },
            "zh-tw": {
                "name": "Chinese, Traditional"
            }
        },
        "media": {
            "internal": {
                "180k": {
                    "uri": "http://download.ted.com/talks/ShawnAchor_2011X-180k.mp4?apikey=79bcca13c0cc74523125332a1032ff104b62a163"
                },
                "320k": {
                    "uri": "http://download.ted.com/talks/ShawnAchor_2011X-320k.mp4?apikey=79bcca13c0cc74523125332a1032ff104b62a163"
                },
                "450k": {
                    "uri": "http://download.ted.com/talks/ShawnAchor_2011X-450k.mp4?apikey=79bcca13c0cc74523125332a1032ff104b62a163"
                },
                "600k": {
                    "uri": "http://download.ted.com/talks/ShawnAchor_2011X-600k.mp4?apikey=79bcca13c0cc74523125332a1032ff104b62a163"
                },
                "64k": {
                    "uri": "http://download.ted.com/talks/ShawnAchor_2011X-64k.mp4?apikey=79bcca13c0cc74523125332a1032ff104b62a163"
                },
                "950k": {
                    "uri": "http://download.ted.com/talks/ShawnAchor_2011X-950k.mp4?apikey=79bcca13c0cc74523125332a1032ff104b62a163"
                },
                "audio-podcast": {
                    "uri": "http://download.ted.com/talks/ShawnAchor_2011X.mp3?apikey=79bcca13c0cc74523125332a1032ff104b62a163"
                },
                "podcast-high": {
                    "uri": "http://download.ted.com/talks/ShawnAchor_2011X-480p.mp4?apikey=79bcca13c0cc74523125332a1032ff104b62a163"
                },
                "podcast-high-en": {
                    "uri": "http://download.ted.com/talks/ShawnAchor_2011X-480p-en.mp4?apikey=79bcca13c0cc74523125332a1032ff104b62a163"
                },
                "podcast-light": {
                    "uri": "http://download.ted.com/talks/ShawnAchor_2011X-light.mp4?apikey=79bcca13c0cc74523125332a1032ff104b62a163"
                },
                "podcast-low-en": {
                    "uri": "http://download.ted.com/talks/ShawnAchor_2011X-low-en.mp4?apikey=79bcca13c0cc74523125332a1032ff104b62a163"
                },
                "podcast-regular": {
                    "uri": "http://download.ted.com/talks/ShawnAchor_2011X.mp4?apikey=79bcca13c0cc74523125332a1032ff104b62a163"
                }
            }
        },
        "name": "Shawn Achor: The happy secret to better work",
        "published_at": "2012-02-01 16:09:38",
        "ratings": [
            {
                "rating": {
                    "count": 7390,
                    "id": 10,
                    "name": "Inspiring"
                }
            },
            {
                "rating": {
                    "count": 586,
                    "id": 1,
                    "name": "Beautiful"
                }
            },
            {
                "rating": {
                    "count": 2458,
                    "id": 24,
                    "name": "Persuasive"
                }
            },
            {
                "rating": {
                    "count": 4977,
                    "id": 7,
                    "name": "Funny"
                }
            },
            {
                "rating": {
                    "count": 2364,
                    "id": 8,
                    "name": "Informative"
                }
            },
            {
                "rating": {
                    "count": 1770,
                    "id": 22,
                    "name": "Fascinating"
                }
            },
            {
                "rating": {
                    "count": 310,
                    "id": 3,
                    "name": "Courageous"
                }
            },
            {
                "rating": {
                    "count": 608,
                    "id": 23,
                    "name": "Jaw-dropping"
                }
            },
            {
                "rating": {
                    "count": 809,
                    "id": 9,
                    "name": "Ingenious"
                }
            },
            {
                "rating": {
                    "count": 129,
                    "id": 25,
                    "name": "OK"
                }
            },
            {
                "rating": {
                    "count": 57,
                    "id": 21,
                    "name": "Unconvincing"
                }
            },
            {
                "rating": {
                    "count": 41,
                    "id": 2,
                    "name": "Confusing"
                }
            },
            {
                "rating": {
                    "count": 52,
                    "id": 11,
                    "name": "Longwinded"
                }
            },
            {
                "rating": {
                    "count": 38,
                    "id": 26,
                    "name": "Obnoxious"
                }
            }
        ],
        "recorded_at": "2011-05-11 00:00:00",
        "slug": "shawn_achor_the_happy_secret_to_better_work",
        "speakers": [
            {
                "speaker": {
                    "id": 1215,
                    "name": "Shawn Achor"
                }
            }
        ],
        "tags": [
            {
                "tag": "TEDx"
            },
            {
                "tag": "business"
            },
            {
                "tag": "happiness"
            },
            {
                "tag": "psychology"
            },
            {
                "tag": "science"
            }
        ],
        "themes": [
            {
                "theme": {
                    "id": 28,
                    "name": "Not Business as Usual"
                }
            },
            {
                "theme": {
                    "id": 33,
                    "name": "What Makes Us Happy?"
                }
            }
        ],
        "updated_at": "2015-02-09 22:20:52",
        "viewed_count": 10190647
    }
}