{
    "talk": {
        "commented_count": 381,
        "description": "At TEDxCambridge, Michael Norton shares fascinating research on how money can, indeed buy happiness -- when you don't spend it on yourself. Listen for surprising data on the many ways pro-social spending can benefit you, your work, and (of course) other people.",
        "emailed_count": 538,
        "event": {
            "id": 212,
            "name": "TEDxCambridge"
        },
        "id": 1427,
        "image_16x9": false,
        "images": [
            {
                "image": {
                    "size": "113x85",
                    "url": "http://images.ted.com/images/ted/27f5f46d6f7c50b08d07561f54196920b40934fe_113x85.jpg"
                }
            },
            {
                "image": {
                    "size": "240x180",
                    "url": "http://images.ted.com/images/ted/27f5f46d6f7c50b08d07561f54196920b40934fe_240x180.jpg"
                }
            },
            {
                "image": {
                    "size": "615x461",
                    "url": "http://images.ted.com/images/ted/27f5f46d6f7c50b08d07561f54196920b40934fe_615x461.jpg"
                }
            },
            {
                "image": {
                    "size": "800x600",
                    "url": "http://images.ted.com/images/ted/27f5f46d6f7c50b08d07561f54196920b40934fe_800x600.jpg"
                }
            }
        ],
        "languages": {
            "ar": {
                "name": "Arabic"
            },
            "bg": {
                "name": "Bulgarian"
            },
            "cs": {
                "name": "Czech"
            },
            "da": {
                "name": "Danish"
            },
            "de": {
                "name": "German"
            },
            "el": {
                "name": "Greek"
            },
            "en": {
                "name": "English",
                "native": true
            },
            "es": {
                "name": "Spanish"
            },
            "fa": {
                "name": "Persian"
            },
            "fi": {
                "name": "Finnish"
            },
            "fr": {
                "name": "French"
            },
            "fr-ca": {
                "name": "French (Canada)"
            },
            "he": {
                "name": "Hebrew"
            },
            "hr": {
                "name": "Croatian"
            },
            "hu": {
                "name": "Hungarian"
            },
            "id": {
                "name": "Indonesian"
            },
            "it": {
                "name": "Italian"
            },
            "ja": {
                "name": "Japanese"
            },
            "ko": {
                "name": "Korean"
            },
            "ku": {
                "name": "Kurdish"
            },
            "mn": {
                "name": "Mongolian"
            },
            "ms": {
                "name": "Malay"
            },
            "nb": {
                "name": "Norwegian Bokmal"
            },
            "nl": {
                "name": "Dutch"
            },
            "pl": {
                "name": "Polish"
            },
            "pt": {
                "name": "Portuguese"
            },
            "pt-br": {
                "name": "Portuguese, Brazilian"
            },
            "ro": {
                "name": "Romanian"
            },
            "ru": {
                "name": "Russian"
            },
            "sl": {
                "name": "Slovenian"
            },
            "sq": {
                "name": "Albanian"
            },
            "sr": {
                "name": "Serbian"
            },
            "th": {
                "name": "Thai"
            },
            "vi": {
                "name": "Vietnamese"
            },
            "zh-cn": {
                "name": "Chinese, Simplified"
            },
            "zh-tw": {
                "name": "Chinese, Traditional"
            }
        },
        "media": {
            "internal": {
                "180k": {
                    "uri": "http://download.ted.com/talks/MichaelNorton_2011X-180k.mp4?apikey=79bcca13c0cc74523125332a1032ff104b62a163"
                },
                "320k": {
                    "uri": "http://download.ted.com/talks/MichaelNorton_2011X-320k.mp4?apikey=79bcca13c0cc74523125332a1032ff104b62a163"
                },
                "450k": {
                    "uri": "http://download.ted.com/talks/MichaelNorton_2011X-450k.mp4?apikey=79bcca13c0cc74523125332a1032ff104b62a163"
                },
                "600k": {
                    "uri": "http://download.ted.com/talks/MichaelNorton_2011X-600k.mp4?apikey=79bcca13c0cc74523125332a1032ff104b62a163"
                },
                "64k": {
                    "uri": "http://download.ted.com/talks/MichaelNorton_2011X-64k.mp4?apikey=79bcca13c0cc74523125332a1032ff104b62a163"
                },
                "950k": {
                    "uri": "http://download.ted.com/talks/MichaelNorton_2011X-950k.mp4?apikey=79bcca13c0cc74523125332a1032ff104b62a163"
                },
                "audio-podcast": {
                    "uri": "http://download.ted.com/talks/MichaelNorton_2011X.mp3?apikey=79bcca13c0cc74523125332a1032ff104b62a163"
                },
                "podcast-high": {
                    "uri": "http://download.ted.com/talks/MichaelNorton_2011X-480p.mp4?apikey=79bcca13c0cc74523125332a1032ff104b62a163"
                },
                "podcast-high-en": {
                    "uri": "http://download.ted.com/talks/MichaelNorton_2011X-480p-en.mp4?apikey=79bcca13c0cc74523125332a1032ff104b62a163"
                },
                "podcast-light": {
                    "uri": "http://download.ted.com/talks/MichaelNorton_2011X-light.mp4?apikey=79bcca13c0cc74523125332a1032ff104b62a163"
                },
                "podcast-low-en": {
                    "uri": "http://download.ted.com/talks/MichaelNorton_2011X-low-en.mp4?apikey=79bcca13c0cc74523125332a1032ff104b62a163"
                },
                "podcast-regular": {
                    "uri": "http://download.ted.com/talks/MichaelNorton_2011X.mp4?apikey=79bcca13c0cc74523125332a1032ff104b62a163"
                }
            }
        },
        "name": "Michael Norton: How to buy happiness",
        "published_at": "2012-04-24 15:17:33",
        "ratings": [
            {
                "rating": {
                    "count": 481,
                    "id": 8,
                    "name": "Informative"
                }
            },
            {
                "rating": {
                    "count": 1009,
                    "id": 10,
                    "name": "Inspiring"
                }
            },
            {
                "rating": {
                    "count": 193,
                    "id": 1,
                    "name": "Beautiful"
                }
            },
            {
                "rating": {
                    "count": 314,
                    "id": 22,
                    "name": "Fascinating"
                }
            },
            {
                "rating": {
                    "count": 517,
                    "id": 24,
                    "name": "Persuasive"
                }
            },
            {
                "rating": {
                    "count": 126,
                    "id": 7,
                    "name": "Funny"
                }
            },
            {
                "rating": {
                    "count": 101,
                    "id": 21,
                    "name": "Unconvincing"
                }
            },
            {
                "rating": {
                    "count": 146,
                    "id": 25,
                    "name": "OK"
                }
            },
            {
                "rating": {
                    "count": 108,
                    "id": 9,
                    "name": "Ingenious"
                }
            },
            {
                "rating": {
                    "count": 20,
                    "id": 11,
                    "name": "Longwinded"
                }
            },
            {
                "rating": {
                    "count": 41,
                    "id": 23,
                    "name": "Jaw-dropping"
                }
            },
            {
                "rating": {
                    "count": 5,
                    "id": 26,
                    "name": "Obnoxious"
                }
            },
            {
                "rating": {
                    "count": 18,
                    "id": 2,
                    "name": "Confusing"
                }
            },
            {
                "rating": {
                    "count": 46,
                    "id": 3,
                    "name": "Courageous"
                }
            }
        ],
        "recorded_at": "2011-11-18 00:00:00",
        "slug": "michael_norton_how_to_buy_happiness",
        "speakers": [
            {
                "speaker": {
                    "id": 1279,
                    "name": "Michael Norton"
                }
            }
        ],
        "tags": [
            {
                "tag": "TEDx"
            },
            {
                "tag": "business"
            },
            {
                "tag": "community"
            },
            {
                "tag": "consumerism"
            },
            {
                "tag": "happiness"
            },
            {
                "tag": "money"
            },
            {
                "tag": "philanthropy"
            },
            {
                "tag": "psychology"
            }
        ],
        "themes": [
            {
                "theme": {
                    "id": 33,
                    "name": "What Makes Us Happy?"
                }
            }
        ],
        "updated_at": "2015-02-04 09:15:26",
        "viewed_count": 2795217
    }
}