{
    "talk": {
        "commented_count": 550,
        "description": "The one thing all humans have in common is that each of us wants to be happy, says Brother David Steindl-Rast, a monk and interfaith scholar. And happiness, he suggests, is born from gratitude. An inspiring lesson in slowing down, looking where you\u2019re going, and above all, being grateful.",
        "emailed_count": 1669,
        "event": {
            "id": 241,
            "name": "TEDGlobal 2013"
        },
        "id": 1880,
        "image_16x9": false,
        "images": [
            {
                "image": {
                    "size": "113x85",
                    "url": "http://images.ted.com/images/ted/02722e8404d9e8dd2ec003b249db0ce3d05bda19_113x85.jpg"
                }
            },
            {
                "image": {
                    "size": "240x180",
                    "url": "http://images.ted.com/images/ted/02722e8404d9e8dd2ec003b249db0ce3d05bda19_240x180.jpg"
                }
            },
            {
                "image": {
                    "size": "615x461",
                    "url": "http://images.ted.com/images/ted/02722e8404d9e8dd2ec003b249db0ce3d05bda19_615x461.jpg"
                }
            },
            {
                "image": {
                    "size": "1600x1200",
                    "url": "http://images.ted.com/images/ted/02722e8404d9e8dd2ec003b249db0ce3d05bda19_1600x1200.jpg"
                }
            }
        ],
        "languages": {
            "ar": {
                "name": "Arabic"
            },
            "bg": {
                "name": "Bulgarian"
            },
            "bs": {
                "name": "Bosnian"
            },
            "da": {
                "name": "Danish"
            },
            "de": {
                "name": "German"
            },
            "el": {
                "name": "Greek"
            },
            "en": {
                "name": "English",
                "native": true
            },
            "es": {
                "name": "Spanish"
            },
            "fa": {
                "name": "Persian"
            },
            "fi": {
                "name": "Finnish"
            },
            "fr": {
                "name": "French"
            },
            "he": {
                "name": "Hebrew"
            },
            "hr": {
                "name": "Croatian"
            },
            "hu": {
                "name": "Hungarian"
            },
            "hy": {
                "name": "Armenian"
            },
            "id": {
                "name": "Indonesian"
            },
            "it": {
                "name": "Italian"
            },
            "ja": {
                "name": "Japanese"
            },
            "ko": {
                "name": "Korean"
            },
            "lt": {
                "name": "Lithuanian"
            },
            "mk": {
                "name": "Macedonian"
            },
            "nb": {
                "name": "Norwegian Bokmal"
            },
            "nl": {
                "name": "Dutch"
            },
            "pl": {
                "name": "Polish"
            },
            "pt": {
                "name": "Portuguese"
            },
            "pt-br": {
                "name": "Portuguese, Brazilian"
            },
            "ro": {
                "name": "Romanian"
            },
            "ru": {
                "name": "Russian"
            },
            "sk": {
                "name": "Slovak"
            },
            "sq": {
                "name": "Albanian"
            },
            "sr": {
                "name": "Serbian"
            },
            "sv": {
                "name": "Swedish"
            },
            "sw": {
                "name": "Swahili"
            },
            "th": {
                "name": "Thai"
            },
            "tr": {
                "name": "Turkish"
            },
            "uk": {
                "name": "Ukrainian"
            },
            "vi": {
                "name": "Vietnamese"
            },
            "zh-cn": {
                "name": "Chinese, Simplified"
            },
            "zh-tw": {
                "name": "Chinese, Traditional"
            }
        },
        "media": {
            "internal": {
                "180k": {
                    "uri": "http://download.ted.com/talks/DavidSteindlRast_2013G-180k.mp4?apikey=79bcca13c0cc74523125332a1032ff104b62a163"
                },
                "320k": {
                    "uri": "http://download.ted.com/talks/DavidSteindlRast_2013G-320k.mp4?apikey=79bcca13c0cc74523125332a1032ff104b62a163"
                },
                "450k": {
                    "uri": "http://download.ted.com/talks/DavidSteindlRast_2013G-450k.mp4?apikey=79bcca13c0cc74523125332a1032ff104b62a163"
                },
                "600k": {
                    "uri": "http://download.ted.com/talks/DavidSteindlRast_2013G-600k.mp4?apikey=79bcca13c0cc74523125332a1032ff104b62a163"
                },
                "64k": {
                    "uri": "http://download.ted.com/talks/DavidSteindlRast_2013G-64k.mp4?apikey=79bcca13c0cc74523125332a1032ff104b62a163"
                },
                "950k": {
                    "uri": "http://download.ted.com/talks/DavidSteindlRast_2013G-950k.mp4?apikey=79bcca13c0cc74523125332a1032ff104b62a163"
                },
                "audio-podcast": {
                    "uri": "http://download.ted.com/talks/DavidSteindlRast_2013G.mp3?apikey=79bcca13c0cc74523125332a1032ff104b62a163"
                },
                "podcast-high": {
                    "uri": "http://download.ted.com/talks/DavidSteindlRast_2013G-480p.mp4?apikey=79bcca13c0cc74523125332a1032ff104b62a163"
                },
                "podcast-high-en": {
                    "uri": "http://download.ted.com/talks/DavidSteindlRast_2013G-480p-en.mp4?apikey=79bcca13c0cc74523125332a1032ff104b62a163"
                },
                "podcast-light": {
                    "uri": "http://download.ted.com/talks/DavidSteindlRast_2013G-light.mp4?apikey=79bcca13c0cc74523125332a1032ff104b62a163"
                },
                "podcast-low-en": {
                    "uri": "http://download.ted.com/talks/DavidSteindlRast_2013G-low-en.mp4?apikey=79bcca13c0cc74523125332a1032ff104b62a163"
                },
                "podcast-regular": {
                    "uri": "http://download.ted.com/talks/DavidSteindlRast_2013G.mp4?apikey=79bcca13c0cc74523125332a1032ff104b62a163"
                }
            }
        },
        "name": "David Steindl-Rast: Want to be happy? Be grateful",
        "published_at": "2013-11-27 15:59:04",
        "ratings": [
            {
                "rating": {
                    "count": 1062,
                    "id": 1,
                    "name": "Beautiful"
                }
            },
            {
                "rating": {
                    "count": 1987,
                    "id": 10,
                    "name": "Inspiring"
                }
            },
            {
                "rating": {
                    "count": 456,
                    "id": 24,
                    "name": "Persuasive"
                }
            },
            {
                "rating": {
                    "count": 251,
                    "id": 22,
                    "name": "Fascinating"
                }
            },
            {
                "rating": {
                    "count": 116,
                    "id": 25,
                    "name": "OK"
                }
            },
            {
                "rating": {
                    "count": 91,
                    "id": 11,
                    "name": "Longwinded"
                }
            },
            {
                "rating": {
                    "count": 137,
                    "id": 3,
                    "name": "Courageous"
                }
            },
            {
                "rating": {
                    "count": 127,
                    "id": 8,
                    "name": "Informative"
                }
            },
            {
                "rating": {
                    "count": 63,
                    "id": 9,
                    "name": "Ingenious"
                }
            },
            {
                "rating": {
                    "count": 54,
                    "id": 21,
                    "name": "Unconvincing"
                }
            },
            {
                "rating": {
                    "count": 21,
                    "id": 26,
                    "name": "Obnoxious"
                }
            },
            {
                "rating": {
                    "count": 46,
                    "id": 23,
                    "name": "Jaw-dropping"
                }
            },
            {
                "rating": {
                    "count": 11,
                    "id": 2,
                    "name": "Confusing"
                }
            },
            {
                "rating": {
                    "count": 18,
                    "id": 7,
                    "name": "Funny"
                }
            }
        ],
        "recorded_at": "2013-06-25 00:00:00",
        "slug": "david_steindl_rast_want_to_be_happy_be_grateful",
        "speakers": [
            {
                "speaker": {
                    "id": 1617,
                    "name": "David Steindl-Rast"
                }
            }
        ],
        "tags": [
            {
                "tag": "culture"
            },
            {
                "tag": "faith"
            },
            {
                "tag": "happiness"
            }
        ],
        "themes": [
            {
                "theme": {
                    "id": 22,
                    "name": "Master Storytellers"
                }
            }
        ],
        "updated_at": "2015-02-02 23:48:12",
        "viewed_count": 4272647
    }
}