{
    "talk": {
        "commented_count": 217,
        "description": "Mihaly Csikszentmihalyi asks, \"What makes a life worth living?\" Noting that money cannot make us happy, he looks to those who find pleasure and lasting satisfaction in activities that bring about a state of \"flow.\"",
        "emailed_count": 1966,
        "event": {
            "id": 5,
            "name": "TED2004"
        },
        "id": 366,
        "image_16x9": false,
        "images": [
            {
                "image": {
                    "size": "113x85",
                    "url": "http://images.ted.com/images/ted/57024_113x85.jpg"
                }
            },
            {
                "image": {
                    "size": "240x180",
                    "url": "http://images.ted.com/images/ted/57024_240x180.jpg"
                }
            },
            {
                "image": {
                    "size": "480x360",
                    "url": "http://images.ted.com/images/ted/57024_480x360.jpg"
                }
            }
        ],
        "languages": {
            "ar": {
                "name": "Arabic"
            },
            "bg": {
                "name": "Bulgarian"
            },
            "da": {
                "name": "Danish"
            },
            "de": {
                "name": "German"
            },
            "el": {
                "name": "Greek"
            },
            "en": {
                "name": "English",
                "native": true
            },
            "es": {
                "name": "Spanish"
            },
            "fa": {
                "name": "Persian"
            },
            "fr": {
                "name": "French"
            },
            "he": {
                "name": "Hebrew"
            },
            "hu": {
                "name": "Hungarian"
            },
            "id": {
                "name": "Indonesian"
            },
            "it": {
                "name": "Italian"
            },
            "ja": {
                "name": "Japanese"
            },
            "ka": {
                "name": "Georgian"
            },
            "ko": {
                "name": "Korean"
            },
            "ku": {
                "name": "Kurdish"
            },
            "lt": {
                "name": "Lithuanian"
            },
            "nl": {
                "name": "Dutch"
            },
            "pl": {
                "name": "Polish"
            },
            "pt-br": {
                "name": "Portuguese, Brazilian"
            },
            "ro": {
                "name": "Romanian"
            },
            "ru": {
                "name": "Russian"
            },
            "sl": {
                "name": "Slovenian"
            },
            "sr": {
                "name": "Serbian"
            },
            "sv": {
                "name": "Swedish"
            },
            "th": {
                "name": "Thai"
            },
            "tr": {
                "name": "Turkish"
            },
            "zh-cn": {
                "name": "Chinese, Simplified"
            },
            "zh-tw": {
                "name": "Chinese, Traditional"
            }
        },
        "media": {
            "internal": {
                "180k": {
                    "uri": "http://download.ted.com/talks/MihalyCsikszentmihalyi_2004-180k.mp4?apikey=79bcca13c0cc74523125332a1032ff104b62a163"
                },
                "320k": {
                    "uri": "http://download.ted.com/talks/MihalyCsikszentmihalyi_2004-320k.mp4?apikey=79bcca13c0cc74523125332a1032ff104b62a163"
                },
                "450k": {
                    "uri": "http://download.ted.com/talks/MihalyCsikszentmihalyi_2004-450k.mp4?apikey=79bcca13c0cc74523125332a1032ff104b62a163"
                },
                "600k": {
                    "uri": "http://download.ted.com/talks/MihalyCsikszentmihalyi_2004-600k.mp4?apikey=79bcca13c0cc74523125332a1032ff104b62a163"
                },
                "64k": {
                    "uri": "http://download.ted.com/talks/MihalyCsikszentmihalyi_2004-64k.mp4?apikey=79bcca13c0cc74523125332a1032ff104b62a163"
                },
                "950k": {
                    "uri": "http://download.ted.com/talks/MihalyCsikszentmihalyi_2004-950k.mp4?apikey=79bcca13c0cc74523125332a1032ff104b62a163"
                },
                "audio-podcast": {
                    "uri": "http://download.ted.com/talks/MihalyCsikszentmihalyi_2004.mp3?apikey=79bcca13c0cc74523125332a1032ff104b62a163"
                },
                "podcast-high": {
                    "uri": "http://download.ted.com/talks/MihalyCsikszentmihalyi_2004-480p.mp4?apikey=79bcca13c0cc74523125332a1032ff104b62a163"
                },
                "podcast-high-en": {
                    "uri": "http://download.ted.com/talks/MihalyCsikszentmihalyi_2004-480p-en.mp4?apikey=79bcca13c0cc74523125332a1032ff104b62a163"
                },
                "podcast-light": {
                    "uri": "http://download.ted.com/talks/MihalyCsikszentmihalyi_2004-light.mp4?apikey=79bcca13c0cc74523125332a1032ff104b62a163"
                },
                "podcast-low-en": {
                    "uri": "http://download.ted.com/talks/MihalyCsikszentmihalyi_2004-low-en.mp4?apikey=79bcca13c0cc74523125332a1032ff104b62a163"
                },
                "podcast-regular": {
                    "uri": "http://download.ted.com/talks/MihalyCsikszentmihalyi_2004.mp4?apikey=79bcca13c0cc74523125332a1032ff104b62a163"
                }
            }
        },
        "name": "Mihaly Csikszentmihalyi: Flow, the secret to happiness",
        "published_at": "2008-10-23 01:00:00",
        "ratings": [
            {
                "rating": {
                    "count": 565,
                    "id": 22,
                    "name": "Fascinating"
                }
            },
            {
                "rating": {
                    "count": 750,
                    "id": 8,
                    "name": "Informative"
                }
            },
            {
                "rating": {
                    "count": 705,
                    "id": 10,
                    "name": "Inspiring"
                }
            },
            {
                "rating": {
                    "count": 177,
                    "id": 11,
                    "name": "Longwinded"
                }
            },
            {
                "rating": {
                    "count": 191,
                    "id": 25,
                    "name": "OK"
                }
            },
            {
                "rating": {
                    "count": 52,
                    "id": 21,
                    "name": "Unconvincing"
                }
            },
            {
                "rating": {
                    "count": 110,
                    "id": 9,
                    "name": "Ingenious"
                }
            },
            {
                "rating": {
                    "count": 215,
                    "id": 24,
                    "name": "Persuasive"
                }
            },
            {
                "rating": {
                    "count": 39,
                    "id": 3,
                    "name": "Courageous"
                }
            },
            {
                "rating": {
                    "count": 50,
                    "id": 23,
                    "name": "Jaw-dropping"
                }
            },
            {
                "rating": {
                    "count": 77,
                    "id": 1,
                    "name": "Beautiful"
                }
            },
            {
                "rating": {
                    "count": 80,
                    "id": 2,
                    "name": "Confusing"
                }
            },
            {
                "rating": {
                    "count": 12,
                    "id": 7,
                    "name": "Funny"
                }
            },
            {
                "rating": {
                    "count": 3,
                    "id": 26,
                    "name": "Obnoxious"
                }
            }
        ],
        "recorded_at": "2004-02-29 00:00:00",
        "slug": "mihaly_csikszentmihalyi_on_flow",
        "speakers": [
            {
                "speaker": {
                    "id": 296,
                    "name": "Mihaly Csikszentmihalyi"
                }
            }
        ],
        "tags": [
            {
                "tag": "TED Conference"
            },
            {
                "tag": "culture"
            },
            {
                "tag": "global issues"
            },
            {
                "tag": "happiness"
            },
            {
                "tag": "music"
            },
            {
                "tag": "psychology"
            },
            {
                "tag": "work"
            }
        ],
        "themes": [
            {
                "theme": {
                    "id": 1,
                    "name": "The Creative Spark"
                }
            },
            {
                "theme": {
                    "id": 4,
                    "name": "How the Mind Works"
                }
            },
            {
                "theme": {
                    "id": 32,
                    "name": "Unconventional Explanations"
                }
            }
        ],
        "updated_at": "2015-01-07 17:32:51",
        "viewed_count": 2665782
    }
}