{
    "talk": {
        "commented_count": 79,
        "description": "Can happiness be bought? To find out, author Benjamin Wallace sampled the world's most expensive products, including a bottle of 1947 Chateau Cheval Blanc, 8 ounces of Kobe beef and the fabled (notorious) Kopi Luwak coffee. His critique may surprise you.",
        "emailed_count": 1012,
        "event": {
            "id": 29,
            "name": "Taste3 2008"
        },
        "id": 419,
        "image_16x9": false,
        "images": [
            {
                "image": {
                    "size": "113x85",
                    "url": "http://images.ted.com/images/ted/62833_113x85.jpg"
                }
            },
            {
                "image": {
                    "size": "240x180",
                    "url": "http://images.ted.com/images/ted/62833_240x180.jpg"
                }
            },
            {
                "image": {
                    "size": "615x461",
                    "url": "http://images.ted.com/images/ted/62833_615x461.jpg"
                }
            },
            {
                "image": {
                    "size": "800x600",
                    "url": "http://images.ted.com/images/ted/62833_800x600.jpg"
                }
            }
        ],
        "languages": {
            "ar": {
                "name": "Arabic"
            },
            "bg": {
                "name": "Bulgarian"
            },
            "cs": {
                "name": "Czech"
            },
            "da": {
                "name": "Danish"
            },
            "de": {
                "name": "German"
            },
            "el": {
                "name": "Greek"
            },
            "en": {
                "name": "English",
                "native": true
            },
            "es": {
                "name": "Spanish"
            },
            "fa": {
                "name": "Persian"
            },
            "fr": {
                "name": "French"
            },
            "fr-ca": {
                "name": "French (Canada)"
            },
            "he": {
                "name": "Hebrew"
            },
            "hr": {
                "name": "Croatian"
            },
            "hu": {
                "name": "Hungarian"
            },
            "id": {
                "name": "Indonesian"
            },
            "it": {
                "name": "Italian"
            },
            "ja": {
                "name": "Japanese"
            },
            "ka": {
                "name": "Georgian"
            },
            "ko": {
                "name": "Korean"
            },
            "lv": {
                "name": "Latvian"
            },
            "mk": {
                "name": "Macedonian"
            },
            "nl": {
                "name": "Dutch"
            },
            "pl": {
                "name": "Polish"
            },
            "pt": {
                "name": "Portuguese"
            },
            "pt-br": {
                "name": "Portuguese, Brazilian"
            },
            "ro": {
                "name": "Romanian"
            },
            "ru": {
                "name": "Russian"
            },
            "sl": {
                "name": "Slovenian"
            },
            "sq": {
                "name": "Albanian"
            },
            "sr": {
                "name": "Serbian"
            },
            "tr": {
                "name": "Turkish"
            },
            "vi": {
                "name": "Vietnamese"
            },
            "zh-cn": {
                "name": "Chinese, Simplified"
            },
            "zh-tw": {
                "name": "Chinese, Traditional"
            }
        },
        "media": {
            "internal": {
                "180k": {
                    "uri": "http://download.ted.com/talks/BenjaminWallace_2008P-180k.mp4?apikey=79bcca13c0cc74523125332a1032ff104b62a163"
                },
                "320k": {
                    "uri": "http://download.ted.com/talks/BenjaminWallace_2008P-320k.mp4?apikey=79bcca13c0cc74523125332a1032ff104b62a163"
                },
                "450k": {
                    "uri": "http://download.ted.com/talks/BenjaminWallace_2008P-450k.mp4?apikey=79bcca13c0cc74523125332a1032ff104b62a163"
                },
                "600k": {
                    "uri": "http://download.ted.com/talks/BenjaminWallace_2008P-600k.mp4?apikey=79bcca13c0cc74523125332a1032ff104b62a163"
                },
                "64k": {
                    "uri": "http://download.ted.com/talks/BenjaminWallace_2008P-64k.mp4?apikey=79bcca13c0cc74523125332a1032ff104b62a163"
                },
                "950k": {
                    "uri": "http://download.ted.com/talks/BenjaminWallace_2008P-950k.mp4?apikey=79bcca13c0cc74523125332a1032ff104b62a163"
                },
                "podcast-high": {
                    "uri": "http://download.ted.com/talks/BenjaminWallace_2008P-480p.mp4?apikey=79bcca13c0cc74523125332a1032ff104b62a163"
                },
                "podcast-high-en": {
                    "uri": "http://download.ted.com/talks/BenjaminWallace_2008P-480p-en.mp4?apikey=79bcca13c0cc74523125332a1032ff104b62a163"
                },
                "podcast-light": {
                    "uri": "http://download.ted.com/talks/BenjaminWallace_2008P-light.mp4?apikey=79bcca13c0cc74523125332a1032ff104b62a163"
                },
                "podcast-low-en": {
                    "uri": "http://download.ted.com/talks/BenjaminWallace_2008P-low-en.mp4?apikey=79bcca13c0cc74523125332a1032ff104b62a163"
                },
                "podcast-regular": {
                    "uri": "http://download.ted.com/talks/BenjaminWallace_2008P.mp4?apikey=79bcca13c0cc74523125332a1032ff104b62a163"
                }
            }
        },
        "name": "Benjamin Wallace: The price of happiness",
        "published_at": "2008-12-17 01:00:00",
        "ratings": [
            {
                "rating": {
                    "count": 55,
                    "id": 9,
                    "name": "Ingenious"
                }
            },
            {
                "rating": {
                    "count": 329,
                    "id": 8,
                    "name": "Informative"
                }
            },
            {
                "rating": {
                    "count": 361,
                    "id": 7,
                    "name": "Funny"
                }
            },
            {
                "rating": {
                    "count": 78,
                    "id": 21,
                    "name": "Unconvincing"
                }
            },
            {
                "rating": {
                    "count": 33,
                    "id": 26,
                    "name": "Obnoxious"
                }
            },
            {
                "rating": {
                    "count": 187,
                    "id": 25,
                    "name": "OK"
                }
            },
            {
                "rating": {
                    "count": 228,
                    "id": 22,
                    "name": "Fascinating"
                }
            },
            {
                "rating": {
                    "count": 42,
                    "id": 11,
                    "name": "Longwinded"
                }
            },
            {
                "rating": {
                    "count": 38,
                    "id": 23,
                    "name": "Jaw-dropping"
                }
            },
            {
                "rating": {
                    "count": 32,
                    "id": 10,
                    "name": "Inspiring"
                }
            },
            {
                "rating": {
                    "count": 106,
                    "id": 24,
                    "name": "Persuasive"
                }
            },
            {
                "rating": {
                    "count": 14,
                    "id": 3,
                    "name": "Courageous"
                }
            },
            {
                "rating": {
                    "count": 17,
                    "id": 1,
                    "name": "Beautiful"
                }
            },
            {
                "rating": {
                    "count": 11,
                    "id": 2,
                    "name": "Confusing"
                }
            }
        ],
        "recorded_at": "2008-07-19 00:00:00",
        "slug": "benjamin_wallace_on_the_price_of_happiness",
        "speakers": [
            {
                "speaker": {
                    "id": 378,
                    "name": "Benjamin Wallace"
                }
            }
        ],
        "tags": [
            {
                "tag": "book"
            },
            {
                "tag": "business"
            },
            {
                "tag": "culture"
            },
            {
                "tag": "entertainment"
            },
            {
                "tag": "food"
            },
            {
                "tag": "happiness"
            },
            {
                "tag": "writing"
            }
        ],
        "themes": [
            {
                "theme": {
                    "id": 4,
                    "name": "How the Mind Works"
                }
            },
            {
                "theme": {
                    "id": 22,
                    "name": "Master Storytellers"
                }
            },
            {
                "theme": {
                    "id": 32,
                    "name": "Unconventional Explanations"
                }
            },
            {
                "theme": {
                    "id": 72,
                    "name": "Food Matters"
                }
            }
        ],
        "updated_at": "2014-07-03 20:42:44",
        "viewed_count": 1100249
    }
}