{
    "talk": {
        "commented_count": 100,
        "description": "Cognitive researcher Nancy Etcoff looks at happiness -- the ways we try to achieve and increase it, the way it's untethered to our real circumstances, and its surprising effect on our bodies.",
        "emailed_count": 621,
        "event": {
            "id": 5,
            "name": "TED2004"
        },
        "id": 570,
        "image_16x9": false,
        "images": [
            {
                "image": {
                    "size": "113x85",
                    "url": "http://images.ted.com/images/ted/95496_113x85.jpg"
                }
            },
            {
                "image": {
                    "size": "240x180",
                    "url": "http://images.ted.com/images/ted/95496_240x180.jpg"
                }
            },
            {
                "image": {
                    "size": "615x461",
                    "url": "http://images.ted.com/images/ted/95496_615x461.jpg"
                }
            },
            {
                "image": {
                    "size": "800x600",
                    "url": "http://images.ted.com/images/ted/95496_800x600.jpg"
                }
            }
        ],
        "languages": {
            "ar": {
                "name": "Arabic"
            },
            "bg": {
                "name": "Bulgarian"
            },
            "de": {
                "name": "German"
            },
            "en": {
                "name": "English",
                "native": true
            },
            "es": {
                "name": "Spanish"
            },
            "fr": {
                "name": "French"
            },
            "he": {
                "name": "Hebrew"
            },
            "id": {
                "name": "Indonesian"
            },
            "it": {
                "name": "Italian"
            },
            "ja": {
                "name": "Japanese"
            },
            "ko": {
                "name": "Korean"
            },
            "nl": {
                "name": "Dutch"
            },
            "pl": {
                "name": "Polish"
            },
            "pt-br": {
                "name": "Portuguese, Brazilian"
            },
            "ro": {
                "name": "Romanian"
            },
            "ru": {
                "name": "Russian"
            },
            "sr": {
                "name": "Serbian"
            },
            "tr": {
                "name": "Turkish"
            },
            "uk": {
                "name": "Ukrainian"
            },
            "zh-cn": {
                "name": "Chinese, Simplified"
            },
            "zh-tw": {
                "name": "Chinese, Traditional"
            }
        },
        "media": {
            "internal": {
                "180k": {
                    "uri": "http://download.ted.com/talks/NancyEtcoff_2004-180k.mp4?apikey=79bcca13c0cc74523125332a1032ff104b62a163"
                },
                "320k": {
                    "uri": "http://download.ted.com/talks/NancyEtcoff_2004-320k.mp4?apikey=79bcca13c0cc74523125332a1032ff104b62a163"
                },
                "450k": {
                    "uri": "http://download.ted.com/talks/NancyEtcoff_2004-450k.mp4?apikey=79bcca13c0cc74523125332a1032ff104b62a163"
                },
                "600k": {
                    "uri": "http://download.ted.com/talks/NancyEtcoff_2004-600k.mp4?apikey=79bcca13c0cc74523125332a1032ff104b62a163"
                },
                "64k": {
                    "uri": "http://download.ted.com/talks/NancyEtcoff_2004-64k.mp4?apikey=79bcca13c0cc74523125332a1032ff104b62a163"
                },
                "950k": {
                    "uri": "http://download.ted.com/talks/NancyEtcoff_2004-950k.mp4?apikey=79bcca13c0cc74523125332a1032ff104b62a163"
                },
                "audio-podcast": {
                    "uri": "http://download.ted.com/talks/NancyEtcoff_2004.mp3?apikey=79bcca13c0cc74523125332a1032ff104b62a163"
                },
                "podcast-high": {
                    "uri": "http://download.ted.com/talks/NancyEtcoff_2004-480p.mp4?apikey=79bcca13c0cc74523125332a1032ff104b62a163"
                },
                "podcast-high-en": {
                    "uri": "http://download.ted.com/talks/NancyEtcoff_2004-480p-en.mp4?apikey=79bcca13c0cc74523125332a1032ff104b62a163"
                },
                "podcast-light": {
                    "uri": "http://download.ted.com/talks/NancyEtcoff_2004-light.mp4?apikey=79bcca13c0cc74523125332a1032ff104b62a163"
                },
                "podcast-low-en": {
                    "uri": "http://download.ted.com/talks/NancyEtcoff_2004-low-en.mp4?apikey=79bcca13c0cc74523125332a1032ff104b62a163"
                },
                "podcast-regular": {
                    "uri": "http://download.ted.com/talks/NancyEtcoff_2004.mp4?apikey=79bcca13c0cc74523125332a1032ff104b62a163"
                }
            }
        },
        "name": "Nancy Etcoff: Happiness and its surprises",
        "published_at": "2009-06-10 01:00:00",
        "ratings": [
            {
                "rating": {
                    "count": 363,
                    "id": 8,
                    "name": "Informative"
                }
            },
            {
                "rating": {
                    "count": 179,
                    "id": 10,
                    "name": "Inspiring"
                }
            },
            {
                "rating": {
                    "count": 15,
                    "id": 23,
                    "name": "Jaw-dropping"
                }
            },
            {
                "rating": {
                    "count": 156,
                    "id": 22,
                    "name": "Fascinating"
                }
            },
            {
                "rating": {
                    "count": 92,
                    "id": 24,
                    "name": "Persuasive"
                }
            },
            {
                "rating": {
                    "count": 76,
                    "id": 11,
                    "name": "Longwinded"
                }
            },
            {
                "rating": {
                    "count": 82,
                    "id": 21,
                    "name": "Unconvincing"
                }
            },
            {
                "rating": {
                    "count": 43,
                    "id": 2,
                    "name": "Confusing"
                }
            },
            {
                "rating": {
                    "count": 147,
                    "id": 25,
                    "name": "OK"
                }
            },
            {
                "rating": {
                    "count": 24,
                    "id": 7,
                    "name": "Funny"
                }
            },
            {
                "rating": {
                    "count": 12,
                    "id": 3,
                    "name": "Courageous"
                }
            },
            {
                "rating": {
                    "count": 12,
                    "id": 26,
                    "name": "Obnoxious"
                }
            },
            {
                "rating": {
                    "count": 28,
                    "id": 1,
                    "name": "Beautiful"
                }
            },
            {
                "rating": {
                    "count": 11,
                    "id": 9,
                    "name": "Ingenious"
                }
            }
        ],
        "recorded_at": "2004-02-02 00:00:00",
        "slug": "nancy_etcoff_on_happiness_and_why_we_want_it",
        "speakers": [
            {
                "speaker": {
                    "id": 454,
                    "name": "Nancy Etcoff"
                }
            }
        ],
        "tags": [
            {
                "tag": "TED Conference"
            },
            {
                "tag": "beauty"
            },
            {
                "tag": "culture"
            },
            {
                "tag": "happiness"
            },
            {
                "tag": "neuroscience"
            },
            {
                "tag": "psychology"
            }
        ],
        "themes": [
            {
                "theme": {
                    "id": 4,
                    "name": "How the Mind Works"
                }
            },
            {
                "theme": {
                    "id": 33,
                    "name": "What Makes Us Happy?"
                }
            },
            {
                "theme": {
                    "id": 47,
                    "name": "Medicine Without Borders"
                }
            }
        ],
        "updated_at": "2015-02-11 12:57:00",
        "viewed_count": 1168317
    }
}