{
    "talk": {
        "commented_count": 113,
        "description": "Eve Ensler, creator of \"The Vagina Monologues,\" shares how a discussion about menopause with her friends led to talking about all sorts of sexual acts onstage, waging a global campaign to end violence toward women and finding her own happiness.",
        "emailed_count": 1412,
        "event": {
            "id": 5,
            "name": "TED2004"
        },
        "id": 64,
        "image_16x9": false,
        "images": [
            {
                "image": {
                    "size": "113x85",
                    "url": "http://images.ted.com/images/ted/410_113x85.jpg"
                }
            },
            {
                "image": {
                    "size": "240x180",
                    "url": "http://images.ted.com/images/ted/410_240x180.jpg"
                }
            },
            {
                "image": {
                    "size": "480x360",
                    "url": "http://images.ted.com/images/ted/410_480x360.jpg"
                }
            }
        ],
        "languages": {
            "ar": {
                "name": "Arabic"
            },
            "bg": {
                "name": "Bulgarian"
            },
            "de": {
                "name": "German"
            },
            "en": {
                "name": "English",
                "native": true
            },
            "es": {
                "name": "Spanish"
            },
            "fa": {
                "name": "Persian"
            },
            "fr": {
                "name": "French"
            },
            "he": {
                "name": "Hebrew"
            },
            "it": {
                "name": "Italian"
            },
            "ja": {
                "name": "Japanese"
            },
            "ko": {
                "name": "Korean"
            },
            "nb": {
                "name": "Norwegian Bokmal"
            },
            "nl": {
                "name": "Dutch"
            },
            "pl": {
                "name": "Polish"
            },
            "pt-br": {
                "name": "Portuguese, Brazilian"
            },
            "ro": {
                "name": "Romanian"
            },
            "ru": {
                "name": "Russian"
            },
            "sr": {
                "name": "Serbian"
            },
            "tr": {
                "name": "Turkish"
            },
            "zh-cn": {
                "name": "Chinese, Simplified"
            },
            "zh-tw": {
                "name": "Chinese, Traditional"
            }
        },
        "media": {
            "internal": {
                "180k": {
                    "uri": "http://download.ted.com/talks/EveEnsler_2004-180k.mp4?apikey=79bcca13c0cc74523125332a1032ff104b62a163"
                },
                "320k": {
                    "uri": "http://download.ted.com/talks/EveEnsler_2004-320k.mp4?apikey=79bcca13c0cc74523125332a1032ff104b62a163"
                },
                "450k": {
                    "uri": "http://download.ted.com/talks/EveEnsler_2004-450k.mp4?apikey=79bcca13c0cc74523125332a1032ff104b62a163"
                },
                "600k": {
                    "uri": "http://download.ted.com/talks/EveEnsler_2004-600k.mp4?apikey=79bcca13c0cc74523125332a1032ff104b62a163"
                },
                "64k": {
                    "uri": "http://download.ted.com/talks/EveEnsler_2004-64k.mp4?apikey=79bcca13c0cc74523125332a1032ff104b62a163"
                },
                "950k": {
                    "uri": "http://download.ted.com/talks/EveEnsler_2004-950k.mp4?apikey=79bcca13c0cc74523125332a1032ff104b62a163"
                },
                "audio-podcast": {
                    "uri": "http://download.ted.com/talks/EveEnsler_2004.mp3?apikey=79bcca13c0cc74523125332a1032ff104b62a163"
                },
                "podcast-high": {
                    "uri": "http://download.ted.com/talks/EveEnsler_2004-480p.mp4?apikey=79bcca13c0cc74523125332a1032ff104b62a163"
                },
                "podcast-high-en": {
                    "uri": "http://download.ted.com/talks/EveEnsler_2004-480p-en.mp4?apikey=79bcca13c0cc74523125332a1032ff104b62a163"
                },
                "podcast-light": {
                    "uri": "http://download.ted.com/talks/EveEnsler_2004-light.mp4?apikey=79bcca13c0cc74523125332a1032ff104b62a163"
                },
                "podcast-low-en": {
                    "uri": "http://download.ted.com/talks/EveEnsler_2004-low-en.mp4?apikey=79bcca13c0cc74523125332a1032ff104b62a163"
                },
                "podcast-regular": {
                    "uri": "http://download.ted.com/talks/EveEnsler_2004.mp4?apikey=79bcca13c0cc74523125332a1032ff104b62a163"
                }
            }
        },
        "name": "Eve Ensler: Happiness in body and soul",
        "published_at": "2006-09-06 00:11:00",
        "ratings": [
            {
                "rating": {
                    "count": 568,
                    "id": 3,
                    "name": "Courageous"
                }
            },
            {
                "rating": {
                    "count": 128,
                    "id": 8,
                    "name": "Informative"
                }
            },
            {
                "rating": {
                    "count": 87,
                    "id": 7,
                    "name": "Funny"
                }
            },
            {
                "rating": {
                    "count": 28,
                    "id": 11,
                    "name": "Longwinded"
                }
            },
            {
                "rating": {
                    "count": 25,
                    "id": 21,
                    "name": "Unconvincing"
                }
            },
            {
                "rating": {
                    "count": 35,
                    "id": 9,
                    "name": "Ingenious"
                }
            },
            {
                "rating": {
                    "count": 285,
                    "id": 1,
                    "name": "Beautiful"
                }
            },
            {
                "rating": {
                    "count": 12,
                    "id": 2,
                    "name": "Confusing"
                }
            },
            {
                "rating": {
                    "count": 705,
                    "id": 10,
                    "name": "Inspiring"
                }
            },
            {
                "rating": {
                    "count": 122,
                    "id": 22,
                    "name": "Fascinating"
                }
            },
            {
                "rating": {
                    "count": 90,
                    "id": 24,
                    "name": "Persuasive"
                }
            },
            {
                "rating": {
                    "count": 90,
                    "id": 23,
                    "name": "Jaw-dropping"
                }
            },
            {
                "rating": {
                    "count": 22,
                    "id": 25,
                    "name": "OK"
                }
            },
            {
                "rating": {
                    "count": 38,
                    "id": 26,
                    "name": "Obnoxious"
                }
            }
        ],
        "recorded_at": "2004-02-04 00:00:00",
        "slug": "eve_ensler_on_happiness_in_body_and_soul",
        "speakers": [
            {
                "speaker": {
                    "id": 66,
                    "name": "Eve Ensler"
                }
            }
        ],
        "tags": [
            {
                "tag": "TED Conference"
            },
            {
                "tag": "arts"
            },
            {
                "tag": "culture"
            },
            {
                "tag": "entertainment"
            },
            {
                "tag": "gender"
            },
            {
                "tag": "global issues"
            },
            {
                "tag": "happiness"
            },
            {
                "tag": "performance"
            },
            {
                "tag": "storytelling"
            },
            {
                "tag": "theater"
            }
        ],
        "themes": [
            {
                "theme": {
                    "id": 9,
                    "name": "Spectacular Performance"
                }
            },
            {
                "theme": {
                    "id": 17,
                    "name": "Art Unusual"
                }
            },
            {
                "theme": {
                    "id": 22,
                    "name": "Master Storytellers"
                }
            },
            {
                "theme": {
                    "id": 33,
                    "name": "What Makes Us Happy?"
                }
            },
            {
                "theme": {
                    "id": 55,
                    "name": "Media With Meaning"
                }
            },
            {
                "theme": {
                    "id": 71,
                    "name": "Women Reshaping the World"
                }
            }
        ],
        "updated_at": "2014-07-03 20:42:27",
        "viewed_count": 797299
    }
}