{
    "talk": {
        "commented_count": 253,
        "description": "Srikumar Rao says we spend most of our lives learning to be unhappy, even as we strive for happiness. At Arbejdsglaede Live! 2009, he teaches us how to break free of the \"I'd be happy if ...\" mental model, and embrace our hard-wired happiness.",
        "emailed_count": 2669,
        "event": {
            "id": 74,
            "name": "Arbejdsglaede Live"
        },
        "id": 787,
        "image_16x9": false,
        "images": [
            {
                "image": {
                    "size": "113x85",
                    "url": "http://images.ted.com/images/ted/154733_113x85.jpg"
                }
            },
            {
                "image": {
                    "size": "240x180",
                    "url": "http://images.ted.com/images/ted/154733_240x180.jpg"
                }
            },
            {
                "image": {
                    "size": "615x461",
                    "url": "http://images.ted.com/images/ted/154733_615x461.jpg"
                }
            },
            {
                "image": {
                    "size": "800x600",
                    "url": "http://images.ted.com/images/ted/154733_800x600.jpg"
                }
            }
        ],
        "media": {
            "external": {
                "code": "<object width=\"320\" height=\"180\" classid=\"clsid:d27cdb6e-ae6d-11cf-96b8-444553540000\" style=\"width:320px; height:180px;\"><param name=\"movie\" value=\"http://arbejdsglaede.23video.com/v.swf\"></param><param name=\"FlashVars\" value=\"token=88a7d7f5e8977d0e22cddaf3f1520e60&photo%5fid=549744\"></param><param name=\"allowfullscreen\" value=\"true\"></param><param name=\"allowscriptaccess\" value=\"always\"></param><embed src=\"http://arbejdsglaede.23video.com/v.swf\" type=\"application/x-shockwave-flash\" allowscriptaccess=\"always\" allowfullscreen=\"true\" width=\"320\" height=\"180\" FlashVars=\"token=88a7d7f5e8977d0e22cddaf3f1520e60&photo%5fid=549744\"></embed></object>",
                "service": "Other",
                "uri": "http://arbejdsglaede.23video.com/video/549744/srikumar-s-rao-p-arbejdsglde"
            }
        },
        "name": "Srikumar Rao: Plug into your hard-wired happiness",
        "published_at": "2010-03-05 15:14:00",
        "ratings": [
            {
                "rating": {
                    "count": 60,
                    "id": 11,
                    "name": "Longwinded"
                }
            },
            {
                "rating": {
                    "count": 95,
                    "id": 25,
                    "name": "OK"
                }
            },
            {
                "rating": {
                    "count": 1037,
                    "id": 10,
                    "name": "Inspiring"
                }
            },
            {
                "rating": {
                    "count": 204,
                    "id": 1,
                    "name": "Beautiful"
                }
            },
            {
                "rating": {
                    "count": 51,
                    "id": 3,
                    "name": "Courageous"
                }
            },
            {
                "rating": {
                    "count": 87,
                    "id": 23,
                    "name": "Jaw-dropping"
                }
            },
            {
                "rating": {
                    "count": 358,
                    "id": 24,
                    "name": "Persuasive"
                }
            },
            {
                "rating": {
                    "count": 68,
                    "id": 21,
                    "name": "Unconvincing"
                }
            },
            {
                "rating": {
                    "count": 171,
                    "id": 22,
                    "name": "Fascinating"
                }
            },
            {
                "rating": {
                    "count": 307,
                    "id": 8,
                    "name": "Informative"
                }
            },
            {
                "rating": {
                    "count": 109,
                    "id": 7,
                    "name": "Funny"
                }
            },
            {
                "rating": {
                    "count": 80,
                    "id": 9,
                    "name": "Ingenious"
                }
            },
            {
                "rating": {
                    "count": 11,
                    "id": 26,
                    "name": "Obnoxious"
                }
            },
            {
                "rating": {
                    "count": 13,
                    "id": 2,
                    "name": "Confusing"
                }
            }
        ],
        "recorded_at": "2009-05-05 00:00:00",
        "slug": "srikumar_rao_plug_into_your_hard_wired_happiness",
        "speakers": [
            {
                "speaker": {
                    "id": 674,
                    "name": "Srikumar Rao"
                }
            }
        ],
        "tags": [
            {
                "tag": "business"
            },
            {
                "tag": "happiness"
            },
            {
                "tag": "life"
            },
            {
                "tag": "mind"
            },
            {
                "tag": "psychology"
            },
            {
                "tag": "self"
            }
        ],
        "themes": [
            {
                "theme": {
                    "id": 4,
                    "name": "How the Mind Works"
                }
            },
            {
                "theme": {
                    "id": 32,
                    "name": "Unconventional Explanations"
                }
            },
            {
                "theme": {
                    "id": 33,
                    "name": "What Makes Us Happy?"
                }
            },
            {
                "theme": {
                    "id": 65,
                    "name": "Best of the Web"
                }
            }
        ],
        "updated_at": "2014-07-03 20:43:00",
        "viewed_count": 512336
    }
}