{
    "talk": {
        "commented_count": 351,
        "description": "When the dotcom bubble burst, hotelier Chip Conley went in search of a business model based on happiness. In an old friendship with an employee and in the wisdom of a Buddhist king, he learned that success comes from what you count.",
        "emailed_count": 2533,
        "event": {
            "id": 32,
            "name": "TED2010"
        },
        "id": 889,
        "image_16x9": false,
        "images": [
            {
                "image": {
                    "size": "113x85",
                    "url": "http://images.ted.com/images/ted/178547_113x85.jpg"
                }
            },
            {
                "image": {
                    "size": "240x180",
                    "url": "http://images.ted.com/images/ted/178547_240x180.jpg"
                }
            },
            {
                "image": {
                    "size": "615x461",
                    "url": "http://images.ted.com/images/ted/178547_615x461.jpg"
                }
            },
            {
                "image": {
                    "size": "800x600",
                    "url": "http://images.ted.com/images/ted/178547_800x600.jpg"
                }
            }
        ],
        "languages": {
            "ar": {
                "name": "Arabic"
            },
            "bg": {
                "name": "Bulgarian"
            },
            "ca": {
                "name": "Catalan"
            },
            "cs": {
                "name": "Czech"
            },
            "de": {
                "name": "German"
            },
            "el": {
                "name": "Greek"
            },
            "en": {
                "name": "English",
                "native": true
            },
            "es": {
                "name": "Spanish"
            },
            "fa": {
                "name": "Persian"
            },
            "fr": {
                "name": "French"
            },
            "he": {
                "name": "Hebrew"
            },
            "hr": {
                "name": "Croatian"
            },
            "hu": {
                "name": "Hungarian"
            },
            "hy": {
                "name": "Armenian"
            },
            "id": {
                "name": "Indonesian"
            },
            "it": {
                "name": "Italian"
            },
            "ja": {
                "name": "Japanese"
            },
            "ko": {
                "name": "Korean"
            },
            "lt": {
                "name": "Lithuanian"
            },
            "nl": {
                "name": "Dutch"
            },
            "pl": {
                "name": "Polish"
            },
            "pt": {
                "name": "Portuguese"
            },
            "pt-br": {
                "name": "Portuguese, Brazilian"
            },
            "ro": {
                "name": "Romanian"
            },
            "ru": {
                "name": "Russian"
            },
            "sk": {
                "name": "Slovak"
            },
            "sr": {
                "name": "Serbian"
            },
            "sv": {
                "name": "Swedish"
            },
            "th": {
                "name": "Thai"
            },
            "tr": {
                "name": "Turkish"
            },
            "uk": {
                "name": "Ukrainian"
            },
            "vi": {
                "name": "Vietnamese"
            },
            "zh-cn": {
                "name": "Chinese, Simplified"
            },
            "zh-tw": {
                "name": "Chinese, Traditional"
            }
        },
        "media": {
            "internal": {
                "180k": {
                    "uri": "http://download.ted.com/talks/ChipConley_2010-180k.mp4?apikey=79bcca13c0cc74523125332a1032ff104b62a163"
                },
                "320k": {
                    "uri": "http://download.ted.com/talks/ChipConley_2010-320k.mp4?apikey=79bcca13c0cc74523125332a1032ff104b62a163"
                },
                "450k": {
                    "uri": "http://download.ted.com/talks/ChipConley_2010-450k.mp4?apikey=79bcca13c0cc74523125332a1032ff104b62a163"
                },
                "600k": {
                    "uri": "http://download.ted.com/talks/ChipConley_2010-600k.mp4?apikey=79bcca13c0cc74523125332a1032ff104b62a163"
                },
                "64k": {
                    "uri": "http://download.ted.com/talks/ChipConley_2010-64k.mp4?apikey=79bcca13c0cc74523125332a1032ff104b62a163"
                },
                "950k": {
                    "uri": "http://download.ted.com/talks/ChipConley_2010-950k.mp4?apikey=79bcca13c0cc74523125332a1032ff104b62a163"
                },
                "audio-podcast": {
                    "uri": "http://download.ted.com/talks/ChipConley_2010.mp3?apikey=79bcca13c0cc74523125332a1032ff104b62a163"
                },
                "podcast-high": {
                    "uri": "http://download.ted.com/talks/ChipConley_2010-480p.mp4?apikey=79bcca13c0cc74523125332a1032ff104b62a163"
                },
                "podcast-high-en": {
                    "uri": "http://download.ted.com/talks/ChipConley_2010-480p-en.mp4?apikey=79bcca13c0cc74523125332a1032ff104b62a163"
                },
                "podcast-light": {
                    "uri": "http://download.ted.com/talks/ChipConley_2010-light.mp4?apikey=79bcca13c0cc74523125332a1032ff104b62a163"
                },
                "podcast-low-en": {
                    "uri": "http://download.ted.com/talks/ChipConley_2010-low-en.mp4?apikey=79bcca13c0cc74523125332a1032ff104b62a163"
                },
                "podcast-regular": {
                    "uri": "http://download.ted.com/talks/ChipConley_2010.mp4?apikey=79bcca13c0cc74523125332a1032ff104b62a163"
                }
            }
        },
        "name": "Chip Conley: Measuring what makes life worthwhile",
        "published_at": "2010-06-21 08:29:00",
        "ratings": [
            {
                "rating": {
                    "count": 1884,
                    "id": 10,
                    "name": "Inspiring"
                }
            },
            {
                "rating": {
                    "count": 670,
                    "id": 24,
                    "name": "Persuasive"
                }
            },
            {
                "rating": {
                    "count": 385,
                    "id": 8,
                    "name": "Informative"
                }
            },
            {
                "rating": {
                    "count": 395,
                    "id": 22,
                    "name": "Fascinating"
                }
            },
            {
                "rating": {
                    "count": 176,
                    "id": 3,
                    "name": "Courageous"
                }
            },
            {
                "rating": {
                    "count": 278,
                    "id": 1,
                    "name": "Beautiful"
                }
            },
            {
                "rating": {
                    "count": 24,
                    "id": 2,
                    "name": "Confusing"
                }
            },
            {
                "rating": {
                    "count": 103,
                    "id": 21,
                    "name": "Unconvincing"
                }
            },
            {
                "rating": {
                    "count": 48,
                    "id": 26,
                    "name": "Obnoxious"
                }
            },
            {
                "rating": {
                    "count": 99,
                    "id": 23,
                    "name": "Jaw-dropping"
                }
            },
            {
                "rating": {
                    "count": 162,
                    "id": 25,
                    "name": "OK"
                }
            },
            {
                "rating": {
                    "count": 75,
                    "id": 11,
                    "name": "Longwinded"
                }
            },
            {
                "rating": {
                    "count": 36,
                    "id": 7,
                    "name": "Funny"
                }
            },
            {
                "rating": {
                    "count": 186,
                    "id": 9,
                    "name": "Ingenious"
                }
            }
        ],
        "recorded_at": "2010-02-12 09:33:00",
        "slug": "chip_conley_measuring_what_makes_life_worthwhile",
        "speakers": [
            {
                "speaker": {
                    "id": 595,
                    "name": "Chip Conley"
                }
            }
        ],
        "tags": [
            {
                "tag": "Buddhism"
            },
            {
                "tag": "TED Conference"
            },
            {
                "tag": "business"
            },
            {
                "tag": "economics"
            },
            {
                "tag": "happiness"
            },
            {
                "tag": "money"
            },
            {
                "tag": "psychology"
            }
        ],
        "themes": [
            {
                "theme": {
                    "id": 1,
                    "name": "The Creative Spark"
                }
            },
            {
                "theme": {
                    "id": 19,
                    "name": "The Rise of Collaboration"
                }
            },
            {
                "theme": {
                    "id": 28,
                    "name": "Not Business as Usual"
                }
            }
        ],
        "updated_at": "2014-07-03 20:43:05",
        "viewed_count": 2283567
    }
}