{
    "talk": {
        "commented_count": 894,
        "description": "Dan Gilbert, author of \"Stumbling on Happiness,\" challenges the idea that we\u2019ll be miserable if we don\u2019t get what we want. Our \"psychological immune system\" lets us feel truly happy even when things don\u2019t go as planned. ",
        "emailed_count": 8115,
        "event": {
            "id": 5,
            "name": "TED2004"
        },
        "id": 97,
        "image_16x9": false,
        "images": [
            {
                "image": {
                    "size": "113x85",
                    "url": "http://images.ted.com/images/ted/016a827cc0757092a0439ab2a63feca8655b6c29_113x85.jpg"
                }
            },
            {
                "image": {
                    "size": "240x180",
                    "url": "http://images.ted.com/images/ted/016a827cc0757092a0439ab2a63feca8655b6c29_240x180.jpg"
                }
            },
            {
                "image": {
                    "size": "615x461",
                    "url": "http://images.ted.com/images/ted/016a827cc0757092a0439ab2a63feca8655b6c29_615x461.jpg"
                }
            },
            {
                "image": {
                    "size": "1600x1200",
                    "url": "http://images.ted.com/images/ted/016a827cc0757092a0439ab2a63feca8655b6c29_1600x1200.jpg"
                }
            }
        ],
        "languages": {
            "ar": {
                "name": "Arabic"
            },
            "bg": {
                "name": "Bulgarian"
            },
            "ca": {
                "name": "Catalan"
            },
            "cs": {
                "name": "Czech"
            },
            "da": {
                "name": "Danish"
            },
            "de": {
                "name": "German"
            },
            "el": {
                "name": "Greek"
            },
            "en": {
                "name": "English",
                "native": true
            },
            "es": {
                "name": "Spanish"
            },
            "fa": {
                "name": "Persian"
            },
            "fi": {
                "name": "Finnish"
            },
            "fr": {
                "name": "French"
            },
            "he": {
                "name": "Hebrew"
            },
            "hr": {
                "name": "Croatian"
            },
            "hu": {
                "name": "Hungarian"
            },
            "hy": {
                "name": "Armenian"
            },
            "id": {
                "name": "Indonesian"
            },
            "is": {
                "name": "Icelandic"
            },
            "it": {
                "name": "Italian"
            },
            "ja": {
                "name": "Japanese"
            },
            "ko": {
                "name": "Korean"
            },
            "ku": {
                "name": "Kurdish"
            },
            "lt": {
                "name": "Lithuanian"
            },
            "lv": {
                "name": "Latvian"
            },
            "mk": {
                "name": "Macedonian"
            },
            "nl": {
                "name": "Dutch"
            },
            "pl": {
                "name": "Polish"
            },
            "pt": {
                "name": "Portuguese"
            },
            "pt-br": {
                "name": "Portuguese, Brazilian"
            },
            "ro": {
                "name": "Romanian"
            },
            "ru": {
                "name": "Russian"
            },
            "sk": {
                "name": "Slovak"
            },
            "sl": {
                "name": "Slovenian"
            },
            "sq": {
                "name": "Albanian"
            },
            "sr": {
                "name": "Serbian"
            },
            "sv": {
                "name": "Swedish"
            },
            "th": {
                "name": "Thai"
            },
            "tr": {
                "name": "Turkish"
            },
            "uk": {
                "name": "Ukrainian"
            },
            "vi": {
                "name": "Vietnamese"
            },
            "zh-cn": {
                "name": "Chinese, Simplified"
            },
            "zh-tw": {
                "name": "Chinese, Traditional"
            }
        },
        "media": {
            "internal": {
                "180k": {
                    "uri": "http://download.ted.com/talks/DanGilbert_2004-180k.mp4?apikey=79bcca13c0cc74523125332a1032ff104b62a163"
                },
                "320k": {
                    "uri": "http://download.ted.com/talks/DanGilbert_2004-320k.mp4?apikey=79bcca13c0cc74523125332a1032ff104b62a163"
                },
                "450k": {
                    "uri": "http://download.ted.com/talks/DanGilbert_2004-450k.mp4?apikey=79bcca13c0cc74523125332a1032ff104b62a163"
                },
                "600k": {
                    "uri": "http://download.ted.com/talks/DanGilbert_2004-600k.mp4?apikey=79bcca13c0cc74523125332a1032ff104b62a163"
                },
                "64k": {
                    "uri": "http://download.ted.com/talks/DanGilbert_2004-64k.mp4?apikey=79bcca13c0cc74523125332a1032ff104b62a163"
                },
                "950k": {
                    "uri": "http://download.ted.com/talks/DanGilbert_2004-950k.mp4?apikey=79bcca13c0cc74523125332a1032ff104b62a163"
                },
                "audio-podcast": {
                    "uri": "http://download.ted.com/talks/DanGilbert_2004.mp3?apikey=79bcca13c0cc74523125332a1032ff104b62a163"
                },
                "podcast-high": {
                    "uri": "http://download.ted.com/talks/DanGilbert_2004-480p.mp4?apikey=79bcca13c0cc74523125332a1032ff104b62a163"
                },
                "podcast-high-en": {
                    "uri": "http://download.ted.com/talks/DanGilbert_2004-480p-en.mp4?apikey=79bcca13c0cc74523125332a1032ff104b62a163"
                },
                "podcast-light": {
                    "uri": "http://download.ted.com/talks/DanGilbert_2004-light.mp4?apikey=79bcca13c0cc74523125332a1032ff104b62a163"
                },
                "podcast-low-en": {
                    "uri": "http://download.ted.com/talks/DanGilbert_2004-low-en.mp4?apikey=79bcca13c0cc74523125332a1032ff104b62a163"
                },
                "podcast-regular": {
                    "uri": "http://download.ted.com/talks/DanGilbert_2004.mp4?apikey=79bcca13c0cc74523125332a1032ff104b62a163"
                }
            }
        },
        "name": "Dan Gilbert: The surprising science of happiness",
        "published_at": "2006-09-26 00:11:00",
        "ratings": [
            {
                "rating": {
                    "count": 1320,
                    "id": 7,
                    "name": "Funny"
                }
            },
            {
                "rating": {
                    "count": 966,
                    "id": 9,
                    "name": "Ingenious"
                }
            },
            {
                "rating": {
                    "count": 183,
                    "id": 2,
                    "name": "Confusing"
                }
            },
            {
                "rating": {
                    "count": 325,
                    "id": 1,
                    "name": "Beautiful"
                }
            },
            {
                "rating": {
                    "count": 144,
                    "id": 21,
                    "name": "Unconvincing"
                }
            },
            {
                "rating": {
                    "count": 131,
                    "id": 11,
                    "name": "Longwinded"
                }
            },
            {
                "rating": {
                    "count": 215,
                    "id": 3,
                    "name": "Courageous"
                }
            },
            {
                "rating": {
                    "count": 3200,
                    "id": 8,
                    "name": "Informative"
                }
            },
            {
                "rating": {
                    "count": 2921,
                    "id": 10,
                    "name": "Inspiring"
                }
            },
            {
                "rating": {
                    "count": 3741,
                    "id": 22,
                    "name": "Fascinating"
                }
            },
            {
                "rating": {
                    "count": 2060,
                    "id": 24,
                    "name": "Persuasive"
                }
            },
            {
                "rating": {
                    "count": 970,
                    "id": 23,
                    "name": "Jaw-dropping"
                }
            },
            {
                "rating": {
                    "count": 334,
                    "id": 25,
                    "name": "OK"
                }
            },
            {
                "rating": {
                    "count": 48,
                    "id": 26,
                    "name": "Obnoxious"
                }
            }
        ],
        "recorded_at": "2004-02-02 00:00:00",
        "slug": "dan_gilbert_asks_why_are_we_happy",
        "speakers": [
            {
                "speaker": {
                    "id": 94,
                    "name": "Dan Gilbert"
                }
            }
        ],
        "tags": [
            {
                "tag": "TED Conference"
            },
            {
                "tag": "brain"
            },
            {
                "tag": "choice"
            },
            {
                "tag": "culture"
            },
            {
                "tag": "evolution"
            },
            {
                "tag": "happiness"
            },
            {
                "tag": "psychology"
            },
            {
                "tag": "science"
            }
        ],
        "themes": [
            {
                "theme": {
                    "id": 4,
                    "name": "How the Mind Works"
                }
            },
            {
                "theme": {
                    "id": 33,
                    "name": "What Makes Us Happy?"
                }
            }
        ],
        "updated_at": "2015-02-23 19:54:02",
        "viewed_count": 10786389
    }
}