{
    "results": [{
        "talk": {
            "id": 570,
            "event_id": 5,
            "name": "Nancy Etcoff: Happiness and its surprises",
            "description": "Cognitive researcher Nancy Etcoff looks at happiness -- the ways we try to achieve and increase it, the way it's untethered to our real circumstances, and its surprising effect on our bodies.",
            "slug": "nancy_etcoff_on_happiness_and_why_we_want_it",
            "native_language_code": "en",
            "published_at": "2009-06-10 01:00:00",
            "recorded_at": "2004-02-02 00:00:00",
            "updated_at": "2015-02-11 12:57:00",
            "released_at": "2014-08-05 14:22:58"
        }
    }, {
        "talk": {
            "id": 97,
            "event_id": 5,
            "name": "Dan Gilbert: The surprising science of happiness",
            "description": "Dan Gilbert, author of \"Stumbling on Happiness,\" challenges the idea that we\u2019ll be miserable if we don\u2019t get what we want. Our \"psychological immune system\" lets us feel truly happy even when things don\u2019t go as planned. ",
            "slug": "dan_gilbert_asks_why_are_we_happy",
            "native_language_code": "en",
            "published_at": "2006-09-26 00:11:00",
            "recorded_at": "2004-02-02 00:00:00",
            "updated_at": "2015-02-23 19:54:02",
            "released_at": "2014-01-16 22:03:02"
        }
    }, {
        "talk": {
            "id": 1880,
            "event_id": 241,
            "name": "David Steindl-Rast: Want to be happy? Be grateful",
            "description": "The one thing all humans have in common is that each of us wants to be happy, says Brother David Steindl-Rast, a monk and interfaith scholar. And happiness, he suggests, is born from gratitude. An inspiring lesson in slowing down, looking where you\u2019re going, and above all, being grateful.",
            "slug": "david_steindl_rast_want_to_be_happy_be_grateful",
            "native_language_code": "en",
            "published_at": "2013-11-27 15:59:04",
            "recorded_at": "2013-06-25 00:00:00",
            "updated_at": "2015-02-02 23:48:12",
            "released_at": "2014-08-05 15:29:04"
        }
    }, {
        "talk": {
            "id": 191,
            "event_id": 5,
            "name": "Matthieu Ricard: The habits of happiness",
            "description": "What is happiness, and how can we all get some? Biochemist turned Buddhist monk Matthieu Ricard says we can train our minds in habits of well-being, to generate a true sense of serenity and fulfillment.",
            "slug": "matthieu_ricard_on_the_habits_of_happiness",
            "native_language_code": "en",
            "published_at": "2007-11-01 01:42:00",
            "recorded_at": "2004-02-02 00:00:00",
            "updated_at": "2014-07-03 20:42:32",
            "released_at": "2014-06-19 20:00:47"
        }
    }, {
        "talk": {
            "id": 1427,
            "event_id": 212,
            "name": "Michael Norton: How to buy happiness",
            "description": "At TEDxCambridge, Michael Norton shares fascinating research on how money can, indeed buy happiness -- when you don't spend it on yourself. Listen for surprising data on the many ways pro-social spending can benefit you, your work, and (of course) other people.",
            "slug": "michael_norton_how_to_buy_happiness",
            "native_language_code": "en",
            "published_at": "2012-04-24 15:17:33",
            "recorded_at": "2011-11-18 00:00:00",
            "updated_at": "2015-02-04 09:15:26",
            "released_at": "2014-07-15 19:47:43"
        }
    }, {
        "talk": {
            "id": 1344,
            "event_id": 159,
            "name": "Shawn Achor: The happy secret to better work",
            "description": "We believe that we should work to be happy, but could that be backwards? In this fast-moving and entertaining talk, psychologist Shawn Achor argues that actually happiness inspires productivity.\r\n<em>(Filmed at <a href=http:\/\/www.ted.com\/tedx\/events\/663>TEDxBloomington<\/a>.)<\/em>",
            "slug": "shawn_achor_the_happy_secret_to_better_work",
            "native_language_code": "en",
            "published_at": "2012-02-01 16:09:38",
            "recorded_at": "2011-05-11 00:00:00",
            "updated_at": "2015-02-09 22:20:52",
            "released_at": "2014-12-16 16:53:05"
        }
    }, {
        "talk": {
            "id": 944,
            "event_id": 39,
            "name": "Nic Marks: The Happy Planet Index",
            "description": "Statistician Nic Marks asks why we measure a nation's success by its productivity -- instead of by the happiness and well-being of its people. He introduces the Happy Planet Index, which tracks national well-being against resource use (because a happy life doesn't have to cost the earth). Which countries rank highest in the HPI? You might be surprised.",
            "slug": "nic_marks_the_happy_planet_index",
            "native_language_code": "en",
            "published_at": "2010-08-30 01:00:00",
            "recorded_at": "2010-07-16 00:00:00",
            "updated_at": "2014-07-03 20:43:08",
            "released_at": "2014-06-05 20:56:52"
        }
    }, {
        "talk": {
            "id": 50,
            "event_id": 5,
            "name": "Stefan Sagmeister: Happiness by design",
            "description": "Graphic designer Stefan Sagmeister takes the audience on a whimsical journey through moments of his life that made him happy -- and notes how many of these moments have to do with good design.",
            "slug": "stefan_sagmeister_shares_happy_design",
            "native_language_code": "en",
            "published_at": "2007-04-05 00:11:00",
            "recorded_at": "2004-02-02 00:00:00",
            "updated_at": "2014-12-09 00:21:50",
            "released_at": "2014-12-09 00:21:50"
        }
    }, {
        "talk": {
            "id": 64,
            "event_id": 5,
            "name": "Eve Ensler: Happiness in body and soul",
            "description": "Eve Ensler, creator of \"The Vagina Monologues,\" shares how a discussion about menopause with her friends led to talking about all sorts of sexual acts onstage, waging a global campaign to end violence toward women and finding her own happiness.",
            "slug": "eve_ensler_on_happiness_in_body_and_soul",
            "native_language_code": "en",
            "published_at": "2006-09-06 00:11:00",
            "recorded_at": "2004-02-04 00:00:00",
            "updated_at": "2014-07-03 20:42:27",
            "released_at": "2012-07-23 16:09:10"
        }
    }, {
        "talk": {
            "id": 366,
            "event_id": 5,
            "name": "Mihaly Csikszentmihalyi: Flow, the secret to happiness",
            "description": "Mihaly Csikszentmihalyi asks, \"What makes a life worth living?\" Noting that money cannot make us happy, he looks to those who find pleasure and lasting satisfaction in activities that bring about a state of \"flow.\"",
            "slug": "mihaly_csikszentmihalyi_on_flow",
            "native_language_code": "en",
            "published_at": "2008-10-23 01:00:00",
            "recorded_at": "2004-02-29 00:00:00",
            "updated_at": "2015-01-07 17:32:51",
            "released_at": "2015-01-07 17:32:51"
        }
    }, {
        "talk": {
            "id": 1159,
            "event_id": 96,
            "name": "Stefan Sagmeister: 7 rules for making more happiness",
            "description": "Using simple, delightful illustrations, designer Stefan Sagmeister shares his latest thinking on happiness -- both the conscious and unconscious kind. His seven rules for life and design happiness can (with some customizations) apply to everyone seeking more joy.",
            "slug": "stefan_sagmeister_7_rules_for_making_more_happiness",
            "native_language_code": "en",
            "published_at": "2011-06-01 14:58:00",
            "recorded_at": "2010-06-11 00:00:00",
            "updated_at": "2014-07-03 20:43:21",
            "released_at": "2014-05-24 17:01:45"
        }
    }, {
        "talk": {
            "id": 480,
            "event_id": 6,
            "name": "Don Norman: 3 ways good design makes you happy",
            "description": "In this talk from 2003, design critic Don Norman turns his incisive eye toward beauty, fun, pleasure and emotion, as he looks at design that makes people happy. He names the three emotional cues that a well-designed product must hit to succeed.",
            "slug": "don_norman_on_design_and_emotion",
            "native_language_code": "en",
            "published_at": "2009-03-09 08:21:00",
            "recorded_at": "2003-02-02 00:00:00",
            "updated_at": "2014-07-03 20:42:47",
            "released_at": "2013-04-22 20:20:55"
        }
    }, {
        "talk": {
            "id": 2162,
            "event_id": 348,
            "name": "Daniele Quercia: Happy maps",
            "description": "Mapping apps help us find the fastest route to where we\u2019re going. But what if we\u2019d rather wander? Researcher Daniele Quercia demos \u201chappy maps\u201d that take into account not only the route you want to take, but how you want to feel along the way.",
            "slug": "daniele_quercia_happy_maps",
            "native_language_code": "en",
            "published_at": "2015-01-06 16:02:14",
            "recorded_at": "2014-11-10 00:00:00",
            "updated_at": "2015-03-14 05:57:09",
            "released_at": "2015-01-06 16:02:14"
        }
    }, {
        "talk": {
            "id": 1238,
            "event_id": 64,
            "name": "Graham Hill: Less stuff, more happiness",
            "description": "Writer and designer Graham Hill asks: Can having less stuff, in less room, lead to more happiness? He makes the case for taking up less space, and lays out three rules for editing your life.",
            "slug": "graham_hill_less_stuff_more_happiness",
            "native_language_code": "en",
            "published_at": "2011-10-05 15:08:50",
            "recorded_at": "2011-03-01 00:00:00",
            "updated_at": "2015-01-19 09:55:52",
            "released_at": "2014-05-26 16:24:01"
        }
    }, {
        "talk": {
            "id": 419,
            "event_id": 29,
            "name": "Benjamin Wallace: The price of happiness",
            "description": "Can happiness be bought? To find out, author Benjamin Wallace sampled the world's most expensive products, including a bottle of 1947 Chateau Cheval Blanc, 8 ounces of Kobe beef and the fabled (notorious) Kopi Luwak coffee. His critique may surprise you.",
            "slug": "benjamin_wallace_on_the_price_of_happiness",
            "native_language_code": "en",
            "published_at": "2008-12-17 01:00:00",
            "recorded_at": "2008-07-19 00:00:00",
            "updated_at": "2014-07-03 20:42:44",
            "released_at": "2014-02-19 23:06:46"
        }
    }, {
        "talk": {
            "id": 787,
            "event_id": 74,
            "name": "Srikumar Rao: Plug into your hard-wired happiness",
            "description": "Srikumar Rao says we spend most of our lives learning to be unhappy, even as we strive for happiness. At Arbejdsglaede Live! 2009, he teaches us how to break free of the \"I'd be happy if ...\" mental model, and embrace our hard-wired happiness.",
            "slug": "srikumar_rao_plug_into_your_hard_wired_happiness",
            "native_language_code": "en",
            "published_at": "2010-03-05 15:14:00",
            "recorded_at": "2009-05-05 00:00:00",
            "updated_at": "2014-07-03 20:43:00",
            "released_at": "2010-03-05 15:16:54"
        }
    }, {
        "talk": {
            "id": 1607,
            "event_id": 212,
            "name": "Matt Killingsworth: Want to be happier? Stay in the moment",
            "description": "When are humans most happy? To gather data on this question, Matt Killingsworth built an app, Track Your Happiness, that let people report their feelings in real time. Among the surprising results: We're often happiest when we're lost in the moment. And the flip side: The more our mind wanders, the less happy we can be. <i>(Filmed at TEDxCambridge.)<\/i>",
            "slug": "matt_killingsworth_want_to_be_happier_stay_in_the_moment",
            "native_language_code": "en",
            "published_at": "2012-11-05 16:09:56",
            "recorded_at": "2011-11-11 00:00:00",
            "updated_at": "2015-02-10 14:36:02",
            "released_at": "2014-07-15 20:11:19"
        }
    }, {
        "talk": {
            "id": 779,
            "event_id": 32,
            "name": "Daniel Kahneman: The riddle of experience vs. memory",
            "description": "Using examples from vacations to colonoscopies, Nobel laureate and founder of behavioral economics Daniel Kahneman reveals how our \"experiencing selves\" and our \"remembering selves\" perceive happiness differently. This new insight has profound implications for economics, public policy -- and our own self-awareness.",
            "slug": "daniel_kahneman_the_riddle_of_experience_vs_memory",
            "native_language_code": "en",
            "published_at": "2010-03-01 09:05:00",
            "recorded_at": "2010-02-10 00:00:00",
            "updated_at": "2014-07-03 20:42:59",
            "released_at": "2014-05-14 19:33:39"
        }
    }, {
        "talk": {
            "id": 889,
            "event_id": 32,
            "name": "Chip Conley: Measuring what makes life worthwhile",
            "description": "When the dotcom bubble burst, hotelier Chip Conley went in search of a business model based on happiness. In an old friendship with an employee and in the wisdom of a Buddhist king, he learned that success comes from what you count.",
            "slug": "chip_conley_measuring_what_makes_life_worthwhile",
            "native_language_code": "en",
            "published_at": "2010-06-21 08:29:00",
            "recorded_at": "2010-02-12 09:33:00",
            "updated_at": "2014-07-03 20:43:05",
            "released_at": "2014-01-15 22:53:38"
        }
    }, {
        "talk": {
            "id": 1974,
            "event_id": 256,
            "name": "Jennifer Senior: For parents, happiness is a very high bar",
            "description": "The parenting section of the bookstore is overwhelming\u2014it's \"a giant, candy-colored monument to our collective panic,\" as writer Jennifer Senior puts it. Why is parenthood filled with so much anxiety? Because the goal of modern, middle-class parents\u2014to raise happy children\u2014is so elusive. In this honest talk, she offers some kinder and more achievable aims.",
            "slug": "jennifer_senior_for_parents_happiness_is_a_very_high_bar",
            "native_language_code": "en",
            "published_at": "2014-04-15 14:59:16",
            "recorded_at": "2014-03-21 00:00:00",
            "updated_at": "2015-02-08 02:00:19",
            "released_at": "2014-10-23 17:26:31"
        }
    }]
}
